name,email,phone
Wendy Duffy,zpierce@jones-miller.com,9589476960
Cathy Rodriguez,mhernandez@morris.com,7643961788
Samantha Chung,gloriafreeman@gmail.com,6861055600
Susan Webb,iwilliams@lee.com,8103615350
Mr. Peter Gonzalez Jr.,rlewis@meadows-duncan.org,8777655076
Ashley Mcdaniel,nathaniel91@hotmail.com,6185502031
Carl Gaines,nicholasburke@hotmail.com,7487182398
Dr. Jason Cooper,thompsonkelly@gmail.com,7514078665
Kathryn Chavez,kmoore@gmail.com,9417720399
Elizabeth Gilbert,hensonsarah@washington-thompson.com,9556734252
Jennifer Meyer,anthony23@yahoo.com,9122283505
Joanne Nunez,qjohnson@gmail.com,6124449462
Robert Chapman,paulstevenson@moore.com,6744979764
Reginald Fritz,adamwashington@gmail.com,6929452749
Wendy Warner,laura38@hotmail.com,7452036879
Rachel Huffman,imiller@yahoo.com,8635826581
Christopher Baker,griffingina@gmail.com,6289818242
Ashley Ferguson,gonzalezrichard@barnett-harris.org,7606265075
Zachary Bean,tonyacarter@yahoo.com,8354603788
Alisha Evans,ritabrennan@gmail.com,6374968427
Tyler Warner,lesterian@yahoo.com,6297975533
Micheal Adams,fullercarolyn@gmail.com,7306985383
Frances Anderson,thomascallahan@aguirre-miranda.com,6390772782
Jeffrey Daniels,tylercollins@yahoo.com,8255421541
Mr. Douglas English,crystaljohnson@garcia.com,9668267906
Nathaniel Williams,davislindsey@myers.com,6531903299
Christopher Chavez,william88@davis-malone.com,8425931965
James Hansen,fbrown@chen.com,7884115300
Michael Sparks,lopezdavid@yahoo.com,9541837860
Emily Martin,davisdiane@villa-roberts.org,7163760981
Christopher Turner,colemanheather@yahoo.com,9473357094
Jesse Hart,penningtonluke@cohen-bailey.com,8926347828
Tina Carlson,trujilloronnie@brown.com,9615872309
Victoria Yang,tranalexandra@gmail.com,9161317509
Aaron Chavez,jodihamilton@carpenter.info,9383903029
Claire Smith,tbyrd@gmail.com,9984740314
Mark Gentry,sanchezalexis@gibbs.com,7754499603
Ryan Cook,zturner@gmail.com,8423132780
Erin Wood,morgananna@aguirre.com,6315430362
Jeffery Brown,barnesmelissa@casey-deleon.info,8323869934
Dennis Ponce,lisa71@phillips.com,9213465272
Margaret Fernandez,annahull@wilson.com,7435296388
Amy Patterson,jessesalazar@cook.com,8359963624
Eric Murray,brett72@conner-estrada.com,7209465089
Lauren Mcdonald,villadanielle@gmail.com,7958466165
Timothy Oneal,nsanchez@yang-walsh.com,9146495079
Katherine Greene,ipatel@gmail.com,9112262848
Whitney Phillips,jarviselizabeth@gmail.com,9596471240
Maria Rogers,fowlercarrie@gmail.com,6480731931
Jose Davis,christianjones@yahoo.com,6677774701
Jonathan Hess,burtonshawn@olson.com,9541863874
Jessica Brock,williamjohnson@gibson-roberts.com,9501740995
Jerome Baird,nicholasmercer@dodson-rice.org,8251736684
Kevin Bonilla,kelly57@hotmail.com,7827990425
Amy Schaefer,phillipswilliam@yahoo.com,7784371964
Jennifer Cunningham,saundersjordan@hotmail.com,6951427902
Emily Heath,michellehamilton@gmail.com,7476071766
Tricia Kent,gpeters@chen.info,6767071573
Michael Williams,shelleybird@mitchell.com,7211714400
Thomas Lawson,michellecampbell@gmail.com,7565448094
Willie Lewis,kyle82@hotmail.com,7773455065
John Nielsen,allenmark@hotmail.com,8961811693
Kimberly Luna,melissawright@perez-dillon.com,6404889049
Dean Young,madeline33@lawson.com,6486384497
Mary Smith,charleswu@duncan.com,9702682248
Alexis Rodriguez,jacobsjason@ferguson.net,7674945810
Sheryl Fuller,qzhang@gmail.com,6236733890
Jane Black,lauren06@brown.net,7631873412
Jason Martinez,vjensen@freeman.net,6832502692
Charles Morgan,wilsondenise@hotmail.com,9111683571
Heather Curtis,tabitha15@hotmail.com,6990625152
Julie Navarro,hallmichael@hotmail.com,6745995333
David Aguirre,dtrevino@green-jenkins.org,9615070348
Ryan Costa,kscott@lewis-freeman.com,7629615383
Mr. William Bryan,rebeccataylor@nguyen-bishop.com,9631070378
Christina Bates,christinediaz@yahoo.com,7770025485
Kristin Owen,aleon@smith.com,9220486646
Dillon Lutz,dmosley@gmail.com,6400249530
James Lee,zachary68@hale.org,6345484050
Andrew Jackson,vazquezlisa@conner.com,7902568574
Michele Foster,mdowns@yahoo.com,8802120392
Stacey Sharp,jessica69@gmail.com,9247240003
William Walters,jessica22@hotmail.com,9190837766
Jennifer Smith,lynn34@collins-swanson.biz,6305640381
Rebekah Sims,kimberlymiller@peck-wilson.com,9280009901
Emily Hubbard,stacylindsey@yahoo.com,8805648664
Amber Anderson,kristy13@hotmail.com,7587887491
Heather Saunders,dwilkinson@hotmail.com,9546206363
Benjamin Mercer,vrandall@webster-curry.com,6386695919
Debra David,lewisheather@nelson.com,8966864680
Taylor Anderson,daviesamanda@hotmail.com,7347180141
Tracy Bennett,alicia81@hotmail.com,7362250706
Kelli Johnson,mason97@hernandez-estrada.com,6218044679
Sarah Lopez,michael59@snyder.com,6539316104
Leslie Mitchell,alee@butler-lee.com,9655902690
Matthew Friedman,kenneth26@yahoo.com,6631574640
Stacey Murphy,rebecca61@hotmail.com,8496401788
Jessica Hanna,amanda11@lee.com,9659044772
Sandra Hunter,lparker@roberts.org,9574373952
Derek Young,nwebb@brown.com,9806534489
Pauline Grant,pauline.grant@samplemail.com,9123456780
Derek Foster,derek.foster@samplemail.com,9234567891
Linda Barrett,linda.barrett@samplemail.com,9345678902
Samuel Knight,samuel.knight@samplemail.com,9456789013
Monica Ray,monica.ray@samplemail.com,9567890124
Brian Fox,brian.fox@samplemail.com,9678901235
Julia Kim,julia.kim@samplemail.com,9789012346
Victor Stone,victor.stone@samplemail.com,9890123457
Sophie Lane,sophie.lane@samplemail.com,9901234568
Ethan Brooks,ethan.brooks@samplemail.com,9012345679
Alice Morgan,alice.morgan@samplemail.com,9112233445
Tom Harris,tom.harris@samplemail.com,9223344556
Emily Clark,emily.clark@samplemail.com,9334455667
Ryan Lee,ryan.lee@samplemail.com,9445566778
Grace Evans,grace.evans@samplemail.com,9556677889
Oscar Reed,oscar.reed@samplemail.com,9667788990
Nina Patel,nina.patel@samplemail.com,9778899001
Henry Wood,henry.wood@samplemail.com,9889900112
Chloe Adams,chloe.adams@samplemail.com,9991001223
Jack Turner,jack.turner@samplemail.com,9002112334
Ella Brooks,ella.brooks@samplemail.com,9131234567
Mason Hill,mason.hill@samplemail.com,9242345678
Ava Cooper,ava.cooper@samplemail.com,9353456789
Logan Baker,logan.baker@samplemail.com,9464567890
Mia Foster,mia.foster@samplemail.com,9575678901
Ethan Ward,ethan.ward@samplemail.com,9686789012
Lily Hayes,lily.hayes@samplemail.com,9797890123
Jacob Reed,jacob.reed@samplemail.com,9808901234
Zoe Price,zoe.price@samplemail.com,9919012345
Noah Wood,noah.wood@samplemail.com,9020123456
name,email,phone
Hannah Grant,hannah.grant@samplemail.com,9134567890
Lucas Perry,lucas.perry@samplemail.com,9245678901
Isabella Ross,isabella.ross@samplemail.com,9356789012
Aiden Murphy,aiden.murphy@samplemail.com,9467890123
Charlotte Cox,charlotte.cox@samplemail.com,9578901234
Matthew Price,matthew.price@samplemail.com,9689012345
Amelia Bennett,amelia.bennett@samplemail.com,9790123456
Elijah Foster,elijah.foster@samplemail.com,9801234567
Harper Simmons,harper.simmons@samplemail.com,9912345678
David Parker,david.parker@samplemail.com,9023456789
name,email,phone
Liam Smith,liam.smith@samplemail.com,9110000001
Emma Johnson,emma.johnson@samplemail.com,9110000002
Noah Williams,noah.williams@samplemail.com,9110000003
Olivia Brown,olivia.brown@samplemail.com,9110000004
William Jones,william.jones@samplemail.com,9110000005
Ava Garcia,ava.garcia@samplemail.com,9110000006
James Miller,james.miller@samplemail.com,9110000007
Sophia Davis,sophia.davis@samplemail.com,9110000008
Benjamin Rodriguez,benjamin.rodriguez@samplemail.com,9110000009
Isabella Martinez,isabella.martinez@samplemail.com,9110000010
Lucas Hernandez,lucas.hernandez@samplemail.com,9110000011
Mia Lopez,mia.lopez@samplemail.com,9110000012
Mason Gonzalez,mason.gonzalez@samplemail.com,9110000013
Charlotte Wilson,charlotte.wilson@samplemail.com,9110000014
Elijah Anderson,elijah.anderson@samplemail.com,9110000015
Amelia Thomas,amelia.thomas@samplemail.com,9110000016
Logan Taylor,logan.taylor@samplemail.com,9110000017
Harper Moore,harper.moore@samplemail.com,9110000018
Alexander Jackson,alexander.jackson@samplemail.com,9110000019
Evelyn Martin,evelyn.martin@samplemail.com,9110000020
Ethan Lee,ethan.lee@samplemail.com,9110000021
Abigail Perez,abigail.perez@samplemail.com,9110000022
Jacob Thompson,jacob.thompson@samplemail.com,9110000023
Emily White,emily.white@samplemail.com,9110000024
Michael Harris,michael.harris@samplemail.com,9110000025
Elizabeth Sanchez,elizabeth.sanchez@samplemail.com,9110000026
Daniel Clark,daniel.clark@samplemail.com,9110000027
Sofia Ramirez,sofia.ramirez@samplemail.com,9110000028
Henry Lewis,henry.lewis@samplemail.com,9110000029
Ella Robinson,ella.robinson@samplemail.com,9110000030
Jackson Walker,jackson.walker@samplemail.com,9110000031
Scarlett Young,scarlett.young@samplemail.com,9110000032
Sebastian Allen,sebastian.allen@samplemail.com,9110000033
Grace King,grace.king@samplemail.com,9110000034
Aiden Wright,aiden.wright@samplemail.com,9110000035
Chloe Scott,chloe.scott@samplemail.com,9110000036
Matthew Torres,matthew.torres@samplemail.com,9110000037
Penelope Nguyen,penelope.nguyen@samplemail.com,9110000038
Samuel Hill,samuel.hill@samplemail.com,9110000039
Layla Flores,layla.flores@samplemail.com,9110000040
David Green,david.green@samplemail.com,9110000041
Riley Adams,riley.adams@samplemail.com,9110000042
Joseph Nelson,joseph.nelson@samplemail.com,9110000043
Zoey Baker,zoey.baker@samplemail.com,9110000044
Carter Hall,carter.hall@samplemail.com,9110000045
Nora Rivera,nora.rivera@samplemail.com,9110000046
Owen Campbell,owen.campbell@samplemail.com,9110000047
Lily Mitchell,lily.mitchell@samplemail.com,9110000048
Wyatt Carter,wyatt.carter@samplemail.com,9110000049
Hannah Roberts,hannah.roberts@samplemail.com,9110000050
John Gomez,john.gomez@samplemail.com,9110000051
Stella Phillips,stella.phillips@samplemail.com,9110000052
Jack Evans,jack.evans@samplemail.com,9110000053
Aurora Turner,aurora.turner@samplemail.com,9110000054
Luke Diaz,luke.diaz@samplemail.com,9110000055
Addison Parker,addison.parker@samplemail.com,9110000056
Jayden Edwards,jayden.edwards@samplemail.com,9110000057
Lucy Collins,lucy.collins@samplemail.com,9110000058
Dylan Stewart,dylan.stewart@samplemail.com,9110000059
Paisley Morris,paisley.morris@samplemail.com,9110000060
Grayson Rogers,grayson.rogers@samplemail.com,9110000061
Savannah Reed,savannah.reed@samplemail.com,9110000062
Levi Cook,levi.cook@samplemail.com,9110000063
Victoria Morgan,victoria.morgan@samplemail.com,9110000064
Isaac Bell,isaac.bell@samplemail.com,9110000065
Brooklyn Murphy,brooklyn.murphy@samplemail.com,9110000066
Gabriel Bailey,gabriel.bailey@samplemail.com,9110000067
Aubrey Rivera,aubrey.rivera@samplemail.com,9110000068
Julian Cooper,julian.cooper@samplemail.com,9110000069
Skylar Richardson,skylar.richardson@samplemail.com,9110000070
Lincoln Cox,lincoln.cox@samplemail.com,9110000071
Violet Howard,violet.howard@samplemail.com,9110000072
Anthony Ward,anthony.ward@samplemail.com,9110000073
Claire Brooks,claire.brooks@samplemail.com,9110000074
Hudson Peterson,hudson.peterson@samplemail.com,9110000075
Bella Gray,bella.gray@samplemail.com,9110000076
Jaxon James,jaxon.james@samplemail.com,9110000077
Hazel Ramirez,hazel.ramirez@samplemail.com,9110000078
Ezra Watson,ezra.watson@samplemail.com,9110000079
Ellie Brooks,ellie.brooks@samplemail.com,9110000080
Leo Kelly,leo.kelly@samplemail.com,9110000081
Audrey Sanders,audrey.sanders@samplemail.com,9110000082
Lincoln Price,lincoln.price@samplemail.com,9110000083
Madison Bennett,madison.bennett@samplemail.com,9110000084
Nathan Wood,nathan.wood@samplemail.com,9110000085
Samantha Barnes,samantha.barnes@samplemail.com,9110000086
Christian Ross,christian.ross@samplemail.com,9110000087
Eleanor Henderson,eleanor.henderson@samplemail.com,9110000088
Hunter Coleman,hunter.coleman@samplemail.com,9110000089
Penelope Jenkins,penelope.jenkins@samplemail.com,9110000090
Cameron Perry,cameron.perry@samplemail.com,9110000091
Genesis Powell,genesis.powell@samplemail.com,9110000092
Connor Long,connor.long@samplemail.com,9110000093
Aaliyah Patterson,aaliyah.patterson@samplemail.com,9110000094
Jeremiah Hughes,jeremiah.hughes@samplemail.com,9110000095
Allison Flores,allison.flores@samplemail.com,9110000096
Easton Simmons,easton.simmons@samplemail.com,9110000097
Ruby Foster,ruby.foster@samplemail.com,9110000098
Aaron Bryant,aaron.bryant@samplemail.com,9110000099
Serenity Alexander,serenity.alexander@samplemail.com,9110000100
Adrian Russell,adrian.russell@samplemail.com,9110000101
Autumn Griffin,autumn.griffin@samplemail.com,9110000102
Jonathan Diaz,jonathan.diaz@samplemail.com,9110000103
Caroline Hayes,caroline.hayes@samplemail.com,9110000104
Thomas Myers,thomas.myers@samplemail.com,9110000105
Kennedy Ford,kennedy.ford@samplemail.com,9110000106
Charles Hamilton,charles.hamilton@samplemail.com,9110000107
Sadie Graham,sadie.graham@samplemail.com,9110000108
Christopher Sullivan,christopher.sullivan@samplemail.com,9110000109
Hailey Wallace,hailey.wallace@samplemail.com,9110000110
Jace Woods,jace.woods@samplemail.com,9110000111
Eva West,eva.west@samplemail.com,9110000112
Andrew Cole,andrew.cole@samplemail.com,9110000113
Naomi Jordan,naomi.jordan@samplemail.com,9110000114
Josiah Bryant,josiah.bryant@samplemail.com,9110000115
Alice Chapman,alice.chapman@samplemail.com,9110000116
Christopher Lane,christopher.lane@samplemail.com,9110000117
Maya Harper,maya.harper@samplemail.com,9110000118
Joshua Bishop,joshua.bishop@samplemail.com,9110000119
Ariana Black,ariana.black@samplemail.com,9110000120
Ryan Stone,ryan.stone@samplemail.com,9110000121
Leah Warren,leah.warren@samplemail.com,9110000122
Nathaniel Hart,nathaniel.hart@samplemail.com,9110000123
Anna Fox,anna.fox@samplemail.com,9110000124
Isaiah Rice,isaiah.rice@samplemail.com,9110000125
Elena Dean,elena.dean@samplemail.com,9110000126
Caleb Dunn,caleb.dunn@samplemail.com,9110000127
Gabriella Spencer,gabriella.spencer@samplemail.com,9110000128
Eli Webb,eli.webb@samplemail.com,9110000129
Ariana Holmes,ariana.holmes@samplemail.com,9110000130
Landon Mills,landon.mills@samplemail.com,9110000131
Peyton Bishop,peyton.bishop@samplemail.com,9110000132
Julian Arnold,julian.arnold@samplemail.com,9110000133
Mila Beck,mila.beck@samplemail.com,9110000134
Adam Newman,adam.newman@samplemail.com,9110000135
Ruby Lambert,ruby.lambert@samplemail.com,9110000136
Dominic Little,dominic.little@samplemail.com,9110000137
Willow Cross,willow.cross@samplemail.com,9110000138
Xavier Sanders,xavier.sanders@samplemail.com,9110000139
Arianna Fleming,arianna.fleming@samplemail.com,9110000140
Jason Holt,jason.holt@samplemail.com,9110000141
Julia Baldwin,julia.baldwin@samplemail.com,9110000142
Bentley Holt,bentley.holt@samplemail.com,9110000143
Kinsley Paul,kinsley.paul@samplemail.com,9110000144
Miles Barrett,miles.barrett@samplemail.com,9110000145
Kylie Drake,kylie.drake@samplemail.com,9110000146
Vincent Nash,vincent.nash@samplemail.com,9110000147
Melanie Page,melanie.page@samplemail.com,9110000148
Brody Gibbs,brody.gibbs@samplemail.com,9110000149
Jade Pope,jade.pope@samplemail.com,9110000150
